model_name,mae,mse,rmse
ElasticNet,921.37235442343,2266300.1388243674,1505.4235745544731
DecisionTreeRegressor,281.73207460302854,426929.36799492576,653.3983226141048
RandomForest,232.74697357257642,223421.88368245817,472.6752412412334
XGBoost,155.4810333251953,77148.4921875,277.75616455078125
