model_name,accuracy,f1_score,recall_score,roc_auc_score
SVC,0.5790513833992095,0.5742327797263743,0.5790513833992095,0.627539697424356
DecisionTree,0.5869565217391305,0.5841267100615088,0.5869565217391305,0.6061202800700175
RandomForest,0.6304347826086957,0.6262043652996808,0.6304347826086957,0.685233808452113
XGBoost,0.575098814229249,0.5743349117735044,0.575098814229249,0.6110902725681421
